date,classification,closed_pnl_sum,closed_pnl_mean,notional_sum,win_mean
2023-01-05,Fear,0.0,0.0,477.0,0.0
2023-05-12,Neutral,0.0,0.0,50005.83,0.0
2023-12-14,Greed,-205.43473700000007,-18.675885181818188,113203.35,0.36363636363636365
2023-12-15,Greed,-24.632033999999997,-12.316016999999999,10609.95,0.0
2023-12-16,Greed,0.0,0.0,15348.77,0.0
2023-12-17,Greed,304.982785,21.78448464285714,116278.02,0.5
2023-12-18,Greed,0.0,0.0,31164.179999999997,0.0
2023-12-19,Greed,1000.5386120000001,66.70257413333334,91602.41,0.6666666666666666
2023-12-20,Greed,162.732282,9.040682333333333,141636.79,0.4444444444444444
2023-12-21,Greed,537.211402,10.963498000000001,125233.97,0.5306122448979592
2023-12-22,Greed,141.832675,14.1832675,88874.28,0.2
2023-12-23,Greed,146.936704,11.302823384615383,78438.25,0.6153846153846154
2023-12-24,Greed,1008.619956,25.862050153846155,402954.94,0.38461538461538464
2023-12-25,Greed,-245.081348,-81.69378266666666,59948.51,0.0
2023-12-27,Greed,-704.8892269999999,-25.174615249999995,171411.06,0.14285714285714285
2023-12-28,Greed,-970.730876,-42.20569026086957,100117.25,0.0
2023-12-29,Greed,508.92214299999995,10.178442859999999,569559.72,0.3
2023-12-30,Greed,354.998648,6.826897076923077,702550.21,0.4423076923076923
2024-01-01,Greed,-129.53146,-7.196192222222223,264239.52999999997,0.05555555555555555
2024-01-02,Greed,0.0,0.0,2008.18,0.0
2024-01-03,Greed,8244.241409,60.176944591240876,472974.7,0.9343065693430657
2024-01-04,Greed,2507.963406,32.57095332467532,339470.47,0.5454545454545454
2024-01-05,Greed,0.0,0.0,87025.45,0.0
2024-01-06,Greed,91.510419,3.66041676,12834.62,0.36
2024-01-07,Greed,5065.839308,79.1537391875,362670.14999999997,0.40625
2024-01-08,Greed,167.080017,2.9312283684210527,227774.53,0.07017543859649122
2024-01-09,Extreme Greed,137.433093,11.452757750000002,12359.68,0.4166666666666667
2024-01-10,Greed,0.0,0.0,139954.32,0.0
2024-01-11,Extreme Greed,1040.475736,45.238075478260875,260981.03,0.2608695652173913
2024-01-12,Greed,40886.364494,98.28453003365385,814711.82,0.53125
2024-01-15,Neutral,152.85358,10.918112857142857,50636.1,0.6428571428571429
2024-01-16,Greed,-2299.171458,-255.4634953333333,116427.33,0.3333333333333333
2024-01-17,Greed,813.2741110000001,15.344794547169812,800831.03,0.20754716981132076
2024-01-18,Greed,68.93319,1.4985476086956522,424631.52999999997,0.06521739130434782
2024-01-19,Neutral,-385.419235,-8.029567395833334,428428.97,0.125
2024-01-20,Neutral,-146.57487000000003,-1.3827817924528305,1070090.51,0.14150943396226415
2024-01-21,Greed,266.58114600000005,24.234649636363642,103129.74,0.2727272727272727
2024-01-22,Greed,1375.640959,16.18401128235294,337878.99,0.27058823529411763
2024-01-23,Neutral,-369.2447299999998,-8.20543844444444,414518.93000000005,0.24444444444444444
2024-01-24,Neutral,-2808.353815,-41.29932080882353,965084.59,0.14705882352941177
2024-01-25,Neutral,-3093.6293849999997,-515.6048975,66566.13,0.0
2024-01-26,Neutral,90.2,18.04,11773.21,0.2
2024-01-28,Neutral,-2478.06972,-225.27906545454545,18109.03,0.0
2024-01-29,Greed,486.562542,6.5751694864864865,414208.18,0.6081081081081081
2024-01-30,Greed,-173.65419100000003,-3.5439630816326537,401011.38,0.10204081632653061
2024-01-31,Greed,-799.840817,-0.93113017112922,6305647.13,0.2689173457508731
2024-02-01,Greed,783.979116,46.11641858823529,121348.74,0.47058823529411764
2024-02-02,Greed,456.423473,10.867225547619048,474278.43,0.30952380952380953
2024-02-03,Greed,230.90060000000005,7.448406451612905,63197.56,0.6774193548387096
2024-02-04,Greed,883.760812,21.555141756097562,239664.50999999998,0.2926829268292683
2024-02-06,Greed,192.906947,2.074268247311828,29464.51,0.3655913978494624
2024-02-07,Greed,2421.253116,134.514062,33347.47,0.7222222222222222
2024-02-08,Greed,782.3681909999999,12.418542714285714,396320.37,0.2698412698412698
2024-02-09,Greed,0.0,0.0,30000.42,0.0
2024-02-10,Greed,0.0,0.0,99954.34,0.0
2024-02-11,Greed,0.0,0.0,40000.0,0.0
2024-02-12,Greed,18489.604313,68.48001597407408,585243.56,0.4074074074074074
2024-02-13,Extreme Greed,559.44389,39.960277857142856,1999.99,1.0
2024-02-14,Greed,3830.599833,34.509908405405405,320839.88,0.7477477477477478
2024-02-15,Greed,1840.797677,29.219010746031746,185188.04,0.9047619047619048
2024-02-16,Greed,5491.768834,30.174554032967034,564896.51,0.8021978021978022
2024-02-17,Extreme Greed,1929.6418,20.52810425531915,406118.07,0.648936170212766
2024-02-18,Greed,477.6248299999999,4.923967319587628,157048.17,0.6288659793814433
2024-02-19,Extreme Greed,4317.768563,42.750183792079206,286377.2,0.7623762376237624
2024-02-20,Greed,3263.628824,83.68279035897436,119419.72,0.7948717948717948
2024-02-21,Extreme Greed,1858.7985700000002,84.49084409090909,108047.51999999999,0.6818181818181818
2024-02-22,Greed,3894.1050699999996,44.25119397727272,373033.87,0.45454545454545453
2024-02-23,Extreme Greed,1418.55293,9.91995055944056,111106.14,0.958041958041958
2024-02-25,Greed,-30.7705,-6.1541,4480.13,0.0
2024-02-26,Greed,4416.8473,113.25249487179488,192187.14,0.8717948717948718
2024-02-27,Extreme Greed,888.511733,14.103360841269842,209362.3,0.4126984126984127
2024-02-28,Extreme Greed,2503.747235,55.63882744444444,171107.13,0.8666666666666667
2024-02-29,Extreme Greed,9813.996992,84.60342234482759,395666.73,0.8620689655172413
2024-03-01,Extreme Greed,866.015507,12.925604582089552,394499.36,0.417910447761194
2024-03-02,Extreme Greed,223.30918699999998,3.9876640535714283,603820.0,0.10714285714285714
2024-03-03,Extreme Greed,8361.086245,105.83653474683545,390745.68,0.6835443037974683
2024-03-04,Extreme Greed,126.7884,31.6971,16887.57,0.25
2024-03-05,Extreme Greed,5306.017045,147.3893623611111,282682.64999999997,0.4722222222222222
2024-03-06,Extreme Greed,562.808208,8.040117257142859,21466.86,0.6285714285714286
2024-03-07,Extreme Greed,1118.387284,62.132626888888886,179600.66,0.2222222222222222
2024-03-08,Extreme Greed,464.1897,12.545667567567568,290532.86,0.02702702702702703
2024-03-10,Extreme Greed,100.375782,11.152864666666666,132935.69,0.3333333333333333
2024-03-11,Extreme Greed,0.0,0.0,129055.66,0.0
2024-03-12,Extreme Greed,23576.539285,63.03887509358289,1084666.53,0.4304812834224599
2024-03-13,Extreme Greed,0.0,0.0,6000.799999999999,0.0
2024-03-14,Extreme Greed,3465.865832,192.5481017777778,205933.18,0.8888888888888888
2024-03-15,Extreme Greed,6236.513651,100.58892985483871,351894.41,0.6612903225806451
2024-03-16,Extreme Greed,228.57984,28.57248,37223.66,0.125
2024-03-17,Extreme Greed,503.293955,21.882345869565217,99506.95,0.43478260869565216
2024-03-18,Extreme Greed,1456.9577,76.68198421052631,90458.08,0.3157894736842105
2024-03-19,Extreme Greed,668.797973,27.86658220833333,219884.84,0.20833333333333334
2024-03-20,Greed,6423.134599,93.08890723188406,215705.85,0.8695652173913043
2024-03-21,Extreme Greed,2335.5080749999997,83.41100267857142,117895.57,0.8214285714285714
2024-03-24,Greed,1297.018477,68.26413036842105,92592.20999999999,0.7894736842105263
2024-03-25,Extreme Greed,1302.916428,186.13091828571427,57116.32,0.8571428571428571
2024-03-26,Extreme Greed,3215.906593,27.253445703389833,198565.19,0.9322033898305084
2024-03-27,Extreme Greed,150.41114,3.9581878947368416,99864.79,0.3157894736842105
2024-03-28,Extreme Greed,227.85100799999998,17.527000615384615,35323.72,0.6923076923076923
2024-03-29,Extreme Greed,883.097404,58.873160266666666,86914.37,0.4
2024-03-30,Extreme Greed,1100.57514,24.45722533333333,101103.92,0.9777777777777777
2024-03-31,Extreme Greed,912.786145,70.21431884615384,39912.96,0.7692307692307693
2024-04-01,Extreme Greed,-67.60364,-13.520728,99792.54000000001,0.0
2024-04-02,Extreme Greed,47.62389499999999,1.360682714285714,203187.53,0.2571428571428571
2024-04-03,Greed,27799.775742,92.66591914,1577996.87,0.8866666666666667
2024-04-04,Greed,0.0,0.0,95987.73,0.0
2024-04-05,Extreme Greed,0.0,0.0,58998.75,0.0
2024-04-06,Extreme Greed,52.211438,0.9851214716981133,24243.41,0.4716981132075472
2024-04-07,Extreme Greed,0.0,0.0,430568.01,0.0
2024-04-08,Extreme Greed,-122672.000883,-965.9212667952756,1207744.07,0.023622047244094488
2024-04-09,Extreme Greed,1065.785132,31.346621529411763,131480.97,0.14705882352941177
2024-04-10,Extreme Greed,0.0,0.0,0.34,0.0
2024-04-11,Extreme Greed,2799.410474,77.76140205555555,451811.97,0.6388888888888888
2024-04-12,Extreme Greed,292891.815021,918.1561599404388,769287.65,0.46394984326018807
2024-04-13,Greed,6621.451755,74.3983343258427,486411.25,0.6853932584269663
2024-04-14,Greed,-36104.012520000004,-337.4206777570094,659162.17,0.308411214953271
2024-04-15,Greed,3774.08872,92.05094439024391,291111.19,0.8536585365853658
2024-04-16,Greed,2467.702221,52.504302574468085,181907.17,0.9148936170212766
2024-04-17,Greed,2441.4683999999997,174.39059999999998,97562.99,0.9285714285714286
2024-04-19,Greed,1946.4454620000001,55.61272748571429,337257.92000000004,0.7714285714285715
2024-04-20,Greed,0.0,0.0,60733.24,0.0
2024-04-22,Greed,0.0,0.0,47993.61,0.0
2024-04-23,Greed,1119.536196,16.962669636363636,233054.9,0.5303030303030303
2024-04-24,Greed,279.185907,13.95929535,141275.24,0.3
2024-04-25,Greed,0.0,0.0,120241.01,0.0
2024-04-26,Greed,0.0,0.0,4988.290000000001,0.0
2024-04-27,Greed,4281.488139,158.57363477777778,154264.47,0.7037037037037037
2024-04-28,Greed,0.0,0.0,43985.6,0.0
2024-04-29,Greed,526.9338359999999,11.709640799999999,108699.01,0.37777777777777777
2024-04-30,Greed,0.0,0.0,125018.75,0.0
2024-05-01,Neutral,164.141565,2.486993409090909,1703942.66,0.19696969696969696
2024-05-02,Fear,-33.45419400000003,-0.4646415833333337,770198.26,0.19444444444444445
2024-05-03,Neutral,19791.026041,109.95014467222222,841810.32,0.9055555555555556
2024-05-04,Greed,10706.484306,107.06484306,503791.8,0.9
2024-05-05,Greed,0.916,0.15266666666666667,24068.350000000002,0.16666666666666666
2024-05-06,Greed,56.055506,1.038064925925926,25350.77,0.2962962962962963
2024-05-07,Greed,0.0,0.0,272289.89,0.0
2024-05-08,Greed,-13013.665169,-162.6708146125,420495.4,0.4125
2024-05-09,Greed,0.0,0.0,0.84,0.0
2024-05-10,Greed,5767.161892,155.86924032432432,605605.74,0.6486486486486487
2024-05-11,Neutral,678.4759280000001,67.8475928,200627.23,0.5
2024-05-12,Greed,71574.11848800001,156.96078615789474,1256750.79,0.4232456140350877
2024-05-13,Greed,2136.853859,76.31620925,193118.9,0.35714285714285715
2024-05-14,Greed,1150.5233050000002,50.02275239130436,145853.4,0.17391304347826086
2024-05-15,Greed,948.970582,26.360293944444447,234922.57,0.4722222222222222
2024-05-16,Greed,214.5898,7.94777037037037,162620.96,0.18518518518518517
2024-05-18,Greed,3522.3946610000003,140.89578644000002,126303.14,0.64
2024-05-19,Greed,0.0,0.0,29998.09,0.0
2024-05-20,Greed,-74.818442,-7.4818442,38124.75,0.0
2024-05-21,Extreme Greed,7289.397571999999,58.31518057599999,1100948.59,0.112
2024-05-22,Extreme Greed,0.0,0.0,44995.29,0.0
2024-05-23,Extreme Greed,413.347329,1.2718379353846154,401850.6,0.4461538461538462
2024-05-24,Greed,821.949278,410.974639,50811.899999999994,1.0
2024-05-25,Extreme Greed,14.126038999999999,0.8828774374999999,29991.129999999997,0.3125
2024-05-26,Extreme Greed,778.6839,48.66774375,53976.67,0.25
2024-05-27,Greed,1129.35587,4.499425776892431,151115.72,0.35856573705179284
2024-05-29,Greed,277.791953,1.6938533719512194,84268.76,0.4146341463414634
2024-05-30,Greed,20.951433,2.9930618571428576,2838.09,0.7142857142857143
2024-05-31,Greed,25.35812,1.9506246153846154,3636.14,0.3076923076923077
2024-06-01,Greed,135.58166400000002,6.16280290909091,298521.4,0.45454545454545453
2024-06-02,Greed,-215.615907,-0.19817638511029412,8047153.41,0.1645220588235294
2024-06-03,Greed,6814.825139,83.10762364634145,327218.02,0.8780487804878049
2024-06-04,Greed,236.33513399999998,14.770945874999999,68223.67,0.25
2024-06-05,Extreme Greed,968.59038,107.62115333333333,206016.43,0.4444444444444444
2024-06-06,Extreme Greed,274.173187,1.1716802863247862,137557.76,0.42735042735042733
2024-06-07,Extreme Greed,108.87217799999999,4.53634075,2490.17,0.2916666666666667
2024-06-08,Greed,267.318048,2.4982995140186914,61478.38,0.12149532710280374
2024-06-09,Extreme Greed,-1104.856765,-26.306113452380952,39047.1,0.0
2024-06-10,Greed,130.487079,5.9312308636363635,300130.56,0.22727272727272727
2024-06-11,Greed,2817.83723,187.85581533333334,123906.9,0.4666666666666667
2024-06-12,Greed,-92624.643895,-229.83782604218362,3471019.22,0.23325062034739455
2024-06-13,Greed,6632.757115,83.95895082278481,132577.22,0.24050632911392406
2024-06-14,Greed,10258.592609,330.9223422258064,139868.66,0.4838709677419355
2024-06-15,Greed,3369.958346,43.20459417948718,718350.25,0.48717948717948717
2024-06-16,Greed,0.0,0.0,25235.079999999998,0.0
2024-06-17,Greed,10599.502375,278.9342730263158,368380.12,0.6578947368421053
2024-06-18,Greed,282.57636,11.3030544,263314.79,0.16
2024-06-19,Greed,4887.656944,80.12552367213115,417071.12,0.5081967213114754
2024-06-20,Greed,57478.456026,1473.8065647692308,207990.8,0.20512820512820512
2024-06-21,Greed,773.5582039999999,9.66947755,176264.49,0.0375
2024-06-22,Neutral,756.876565,31.536523541666668,169594.27000000002,0.3333333333333333
2024-06-23,Greed,0.0,0.0,1792.12,0.0
2024-06-24,Neutral,0.0,0.0,403002.8,0.0
2024-06-25,Fear,4869.353105,99.3745531632653,103099.08,0.22448979591836735
2024-06-26,Neutral,4197.732182,58.30183586111111,365190.66000000003,0.2916666666666667
2024-06-27,Fear,0.0,0.0,130486.95,0.0
2024-06-29,Fear,6150.326145,82.0043486,280095.11,0.32
2024-06-30,Neutral,0.0,0.0,30520.69,0.0
2024-07-01,Neutral,-835.681235,-8.615270463917525,1048850.06,0.09278350515463918
2024-07-02,Neutral,241.24212,16.082808,6758.73,0.13333333333333333
2024-07-04,Fear,0.0,0.0,49988.14,0.0
2024-07-05,Fear,883.537693,49.08542738888889,108717.58,0.5
2024-07-06,Fear,8902.467416,20.23288049090909,1098588.76,0.4
2024-07-07,Fear,61.428942,6.1428942,498.75,1.0
2024-07-08,Fear,188.789255,5.720886515151515,2492.77,0.30303030303030304
2024-07-10,Fear,0.0,0.0,219984.65,0.0
2024-07-11,Fear,4493.353136,39.764187044247784,111335.3,0.5309734513274337
2024-07-12,Fear,85906.279067,282.5864442993421,451733.42,0.4309210526315789
2024-07-13,Fear,2913.617837,171.38928452941175,139189.19,1.0
2024-07-14,Fear,0.0,0.0,84001.13,0.0
2024-07-15,Neutral,-1.0,-0.038461538461538464,198344.85,0.0
2024-07-16,Greed,0.0,0.0,144000.57,0.0
2024-07-17,Greed,1859.269477,5.297064037037037,626005.53,0.4131054131054131
2024-07-18,Greed,3803.884311,63.398071849999994,649704.85,0.8
2024-07-19,Greed,2155.891114,93.73439626086956,150269.42,0.5217391304347826
2024-07-20,Greed,2299.169566,8.643494609022557,244362.21,0.12406015037593984
2024-07-21,Greed,-2960.716887,-6.608743051339286,234307.46,0.046875
2024-07-22,Greed,1517.119876,9.851427766233765,304213.8,0.14285714285714285
2024-07-23,Greed,89890.302206,242.9467627189189,358526.54,0.8891891891891892
2024-07-24,Greed,625.561479,6.9506831,69207.93,0.2
2024-07-25,Greed,916.7382600000001,11.753054615384617,528555.31,0.1282051282051282
2024-07-26,Greed,2766.513113,18.200744164473683,548587.65,0.40131578947368424
2024-07-27,Greed,6400.623656,112.2916430877193,905199.75,0.7368421052631579
2024-07-28,Greed,587.29903,36.706189375,43254.68,0.75
2024-07-29,Greed,330.80445399999996,8.482165487179486,327199.14,0.41025641025641024
2024-07-30,Greed,0.0,0.0,36006.47,0.0
2024-07-31,Greed,765.690884,17.806764744186047,84506.54,0.32558139534883723
2024-08-01,Neutral,-269.874439,-2.1083940546875,1522452.43,0.25
2024-08-02,Greed,770.756024,77.07560240000001,26051.12,0.4
2024-08-03,Fear,4271.886236,63.7594960597015,183583.18,0.8805970149253731
2024-08-04,Fear,1218.4267,40.614223333333335,211940.64,0.03333333333333333
2024-08-05,Fear,1.56576,0.12044307692307693,65973.57,0.07692307692307693
2024-08-06,Extreme Fear,129.13883900000002,4.453063413793104,97351.88,0.27586206896551724
2024-08-07,Fear,0.0,0.0,497.64,0.0
2024-08-08,Extreme Fear,-40.712216999999995,-4.5235796666666666,16299.35,0.0
2024-08-09,Neutral,0.0,0.0,0.11,0.0
2024-08-10,Fear,5396.546638,149.90407327777777,434584.13,0.9166666666666666
2024-08-11,Fear,-64.41354100000007,-1.6516292564102582,270700.44,0.15384615384615385
2024-08-12,Fear,15965.933436,38.014127228571425,932939.72,0.3619047619047619
2024-08-13,Fear,212.08102,9.220913913043479,20797.87,0.34782608695652173
2024-08-14,Fear,2168.9015130000003,86.75606052,66710.03,0.2
2024-08-15,Fear,0.0,0.0,1522.3700000000001,0.0
2024-08-16,Fear,825.230544,23.578015542857145,166382.84,0.08571428571428572
2024-08-17,Fear,-288.283113,-9.609437100000001,30248.96,0.0
2024-08-18,Fear,307.201888,20.480125866666665,62804.48,0.8
2024-08-19,Fear,339.69958299999996,42.462447874999995,100315.03,0.625
2024-08-20,Fear,192.602844,16.050237,49914.8,0.08333333333333333
2024-08-21,Fear,656.200925,4.525523620689655,104990.41,0.3724137931034483
2024-08-23,Fear,1005.30527,100.53052699999999,63509.56,0.3
2024-08-24,Greed,0.0,0.0,34999.67,0.0
2024-08-25,Neutral,0.0,0.0,21950.28,0.0
2024-08-26,Greed,231.236918,38.539486333333336,92611.27,0.3333333333333333
2024-08-27,Neutral,0.0,0.0,70250.16,0.0
2024-08-28,Fear,1333.359645,148.15107166666667,71160.06999999999,0.2222222222222222
2024-08-29,Fear,0.0,0.0,9995.85,0.0
2024-08-30,Fear,256.464,42.744,37233.24,0.16666666666666666
2024-08-31,Fear,10.882801,0.3200823823529412,107507.43000000001,0.35294117647058826
2024-09-01,Fear,-826.349863,-11.804998042857143,870051.97,0.2571428571428571
2024-09-03,Fear,9949.501624,85.03847541880343,658178.75,0.8290598290598291
2024-09-04,Fear,0.0,0.0,57063.840000000004,0.0
2024-09-05,Fear,1147.595856,40.985566285714285,221966.12,0.39285714285714285
2024-09-06,Extreme Fear,0.0,0.0,22410.22,0.0
2024-09-07,Extreme Fear,648.984412,43.265627466666665,2736.45,1.0
2024-09-08,Fear,18082.071276,125.56993941666666,503204.86,0.2986111111111111
2024-09-09,Fear,0.0,0.0,4014.4300000000003,0.0
2024-09-10,Fear,396.06272,28.290194285714286,220399.93,0.21428571428571427
2024-09-11,Fear,102.90894,1.196615581395349,193384.41,0.22093023255813954
2024-09-12,Fear,6310.967676,11.708659881261596,983949.68,0.31910946196660483
2024-09-14,Neutral,0.0,0.0,1014.8000000000001,0.0
2024-09-18,Neutral,-878.684794,-6.059895131034483,13633.5,0.0
2024-09-19,Neutral,0.0,0.0,1521.8700000000001,0.0
2024-09-20,Neutral,9585.03428,599.0646425,332873.38,0.5
2024-09-21,Neutral,36165.56933,1572.416057826087,165648.12,1.0
2024-09-22,Neutral,0.0,0.0,19999.739999999998,0.0
2024-09-23,Neutral,334.760796,167.380398,40334.29,0.5
2024-09-24,Neutral,0.0,0.0,7118.63,0.0
2024-09-25,Greed,0.0,0.0,52754.130000000005,0.0
2024-09-26,Neutral,439.812513,54.976564125,113711.93000000001,0.25
2024-09-27,Greed,0.0,0.0,126097.04,0.0
2024-09-28,Greed,0.0,0.0,29199.21,0.0
2024-09-30,Greed,2710.626288,25.571946113207545,214669.85,0.04716981132075472
2024-10-01,Neutral,-1517.091342,-7.860576901554404,2057479.48,0.21243523316062177
2024-10-03,Fear,2482.9272,59.117314285714286,219973.85,0.6904761904761905
2024-10-04,Fear,5207.443414,127.01081497560976,351735.97,0.8780487804878049
2024-10-05,Neutral,2101.741695,95.53371340909092,156882.0,0.2727272727272727
2024-10-06,Neutral,31.266804999999998,0.589939716981132,46587.93,0.33962264150943394
2024-10-07,Neutral,11977.734907,213.88812333928573,687900.21,0.6785714285714286
2024-10-08,Neutral,0.0,0.0,11339.29,0.0
2024-10-09,Neutral,-219.729659,-73.24321966666666,2547.28,0.0
2024-10-10,Fear,0.0,0.0,300024.33999999997,0.0
2024-10-11,Fear,991.114334,5.728984589595376,413636.7,0.2947976878612717
2024-10-12,Neutral,39325.770231,24.640206911654136,3150424.08,0.5870927318295739
2024-10-13,Neutral,0.0,0.0,60002.42,0.0
2024-10-14,Neutral,1913.61958,382.72391600000003,61916.020000000004,1.0
2024-10-15,Greed,1170.2260760000001,167.17515371428573,81173.36,0.5714285714285714
2024-10-16,Greed,219.480876,19.95280690909091,80229.17,0.2727272727272727
2024-10-17,Greed,36.11496,4.0127733333333335,140531.75,0.1111111111111111
2024-10-18,Greed,333.219141,55.536523499999994,120331.43000000001,0.8333333333333334
2024-10-19,Greed,0.0,0.0,99996.86,0.0
2024-10-20,Greed,389.155797,4.05370621875,176447.86000000002,0.11458333333333333
2024-10-21,Greed,2464.915564,14.248066843930635,324117.99,0.3930635838150289
2024-10-22,Greed,0.0,0.0,60000.36,0.0
2024-10-23,Greed,-46.489941,-2.5827745,210006.07,0.0
2024-10-25,Greed,13235.862071,441.19540236666666,427883.18,0.7
2024-10-27,Greed,666.6623079999999,166.66557699999998,90664.41,0.75
2024-10-28,Greed,167.28016200000002,12.867704769230771,121495.25,0.3076923076923077
2024-10-29,Greed,801.170876,15.11643162264151,613267.8099999999,0.05660377358490566
2024-10-30,Extreme Greed,9.150023,0.36600091999999995,11830.85,0.28
2024-10-31,Extreme Greed,1214.043811,25.292579395833332,896173.36,0.7083333333333334
2024-11-01,Extreme Greed,-164.08950099999998,-7.813785761904761,305314.1,0.23809523809523808
2024-11-02,Greed,983.443176,28.924799294117648,212311.82,0.20588235294117646
2024-11-03,Greed,3588.179495,85.43284511904761,176519.44999999998,0.9285714285714286
2024-11-04,Greed,389.743164,24.35894775,76400.96,0.125
2024-11-05,Greed,251.604742,27.956082444444444,63248.95,1.0
2024-11-06,Greed,4320.631811,35.12708789430894,373279.92,0.13821138211382114
2024-11-07,Extreme Greed,1876.812082,98.77958326315789,169887.02,0.47368421052631576
2024-11-08,Extreme Greed,847.7766200000001,35.32402583333334,44230.21,0.16666666666666666
2024-11-09,Extreme Greed,0.0,0.0,0.54,0.0
2024-11-10,Extreme Greed,8885.327477,341.74336450000004,488904.19,0.6923076923076923
2024-11-11,Extreme Greed,6749.630996,18.09552545844504,1570572.42,0.24664879356568364
2024-11-12,Extreme Greed,319051.554217,261.30348420720725,2194098.33,0.7125307125307125
2024-11-13,Extreme Greed,7846.402274,163.46671404166668,515336.37,0.5625
2024-11-14,Extreme Greed,4563.509225,41.4864475,1008361.81,0.2545454545454545
2024-11-15,Extreme Greed,4140.740438,27.790204281879195,1427858.42,0.3691275167785235
2024-11-16,Extreme Greed,2769.521909,17.640266936305732,303296.07,0.3057324840764331
2024-11-17,Extreme Greed,882.975285,4.224762129186603,1215987.57,0.23444976076555024
2024-11-18,Extreme Greed,4470.815187,12.921431176300578,2084339.58,0.3583815028901734
2024-11-19,Extreme Greed,2958.268991,9.699242593442623,628031.15,0.4918032786885246
2024-11-20,Extreme Greed,4210.0928969999995,7.654714358181818,1999514.1199999999,0.3981818181818182
2024-11-21,Extreme Greed,1692.430891,3.1634222261682243,598300.62,0.308411214953271
2024-11-22,Extreme Greed,-18105.345617,-26.664721085419732,1646713.62,0.3078055964653903
2024-11-23,Extreme Greed,2901.531638,7.993200104683195,516245.68,0.3526170798898072
2024-11-24,Extreme Greed,945.550386,5.497385965116279,664952.28,0.26744186046511625
2024-11-25,Extreme Greed,5523.740734,21.66172836862745,937410.87,0.4117647058823529
2024-11-26,Extreme Greed,1094.809359,3.6251965529801327,1146902.44,0.2913907284768212
2024-11-27,Extreme Greed,-2654.495633,-12.462420812206572,1444242.53,0.3474178403755869
2024-11-28,Extreme Greed,-127075.39958499999,-382.75722766566264,1894225.15,0.32831325301204817
2024-11-29,Extreme Greed,176844.994152,449.98726247328244,794262.91,0.48854961832061067
2024-11-30,Extreme Greed,37316.69352,100.04475474530831,1732193.7,0.42091152815013405
2024-12-01,Extreme Greed,-1925.519024,-275.0741462857143,200082.27,0.0
2024-12-02,Extreme Greed,913.8817869999998,57.11761168749999,227247.69999999998,0.375
2024-12-03,Extreme Greed,3039.166,379.89575,103040.85,0.875
2024-12-04,Extreme Greed,-592.6458390000001,-4.594153790697676,442088.59,0.5503875968992248
2024-12-05,Extreme Greed,0.0,0.0,55179.56,0.0
2024-12-06,Greed,-21886.531493,-86.16744682283463,193407.96,0.08267716535433071
2024-12-07,Extreme Greed,1412.314654,74.33235021052631,89582.97,0.47368421052631576
2024-12-08,Extreme Greed,858.6705000000001,17.88896875,54167.32,0.125
2024-12-10,Extreme Greed,541.55471,54.155471,159713.4,0.7
2024-12-11,Greed,3494.399394,20.435084175438597,1226354.52,0.19883040935672514
2024-12-12,Extreme Greed,599151.795008,310.1199767122153,4557189.87,0.6997929606625258
2024-12-13,Extreme Greed,31935.901745,27.22583268968457,2880824.64,0.40153452685422
2024-12-14,Extreme Greed,167801.399244,135.87157833522267,2369561.78,0.47368421052631576
2024-12-15,Extreme Greed,97525.315279,57.4692488385386,2583269.81,0.24572775486152032
2024-12-16,Extreme Greed,166774.344133,158.07994704549765,2740808.97,0.5071090047393365
2024-12-17,Extreme Greed,219591.305172,113.13307839876352,5233597.63,0.4363730036063885
2024-12-18,Extreme Greed,13682.994673,9.575223703988803,3798887.07,0.36599020293911827
2024-12-19,Extreme Greed,62744.004486000005,18.79125621024259,8241709.39,0.6148547469302186
2024-12-20,Greed,254969.660039,102.47976689670418,7681274.71,0.5558681672025724
2024-12-21,Greed,150022.163157,89.24578415050566,4382875.12,0.5496728138013087
2024-12-22,Greed,352197.163973,455.03509557235145,3087320.22,0.4354005167958656
2024-12-23,Greed,-29430.626577,-12.53967898466127,6771878.26,0.2901576480613549
2024-12-24,Greed,14813.780116,43.827751822485205,1767036.11,0.33727810650887574
2024-12-25,Greed,756.6570469999998,3.637774264423076,347889.35,0.30288461538461536
2024-12-26,Extreme Greed,60228.639722,86.41124780774749,2205242.65,0.5136298421807748
2024-12-27,Greed,2672.811035,10.280042442307693,347913.0,0.4230769230769231
2024-12-28,Greed,940.673623,5.842693310559007,281555.01,0.22981366459627328
2024-12-29,Greed,2884.067927,14.348596651741294,344628.54,0.31840796019900497
2024-12-30,Greed,9009.738137,29.637296503289473,1073865.73,0.39473684210526316
2024-12-31,Greed,5445.01281,17.794159509803922,877164.62,0.3006535947712418
2025-01-01,Greed,-9528.065345,-99.25068067708334,282582.1,0.3020833333333333
2025-01-02,Greed,32300.205017,50.946695610410096,1363746.44,0.5962145110410094
2025-01-03,Greed,10596.108968,60.897177977011495,263824.13,0.4482758620689655
2025-01-04,Greed,-2202.6622420000003,-11.472199177083334,704445.1900000001,0.4583333333333333
2025-01-05,Greed,54536.829297000004,44.338885607317074,10720240.52,0.43089430894308944
2025-01-13,Greed,9655.429352,23.66526801960784,2936648.0100000002,0.3872549019607843
2025-01-14,Greed,16069.512355,58.43459038181818,876581.97,0.49818181818181817
2025-01-15,Greed,14819.5883,55.50407602996255,1801599.8900000001,0.4606741573033708
2025-01-16,Extreme Greed,20807.709328,56.08546988679245,3049692.96,0.3423180592991914
2025-01-17,Extreme Greed,7006.415608,29.43872104201681,1110230.46,0.5294117647058824
2025-01-18,Extreme Greed,443.2330819999997,0.6808495883256523,2711629.88,0.38095238095238093
2025-01-19,Extreme Greed,87923.799302,56.10963580216975,9715215.3,0.20229738353541799
2025-01-20,Extreme Greed,87277.239173,66.37052408593155,8287327.01,0.5224334600760456
2025-01-21,Extreme Greed,11077.839421,20.901583813207548,1523729.82,0.3867924528301887
2025-01-22,Extreme Greed,20524.408057,24.66875968389423,1778406.43,0.28125
2025-01-23,Extreme Greed,101256.24216,83.13320374384236,3697028.66,0.6609195402298851
2025-01-24,Extreme Greed,10602.779738,12.131326931350113,1611433.45,0.5583524027459954
2025-01-25,Extreme Greed,-10348.016255999999,-20.450625011857706,1239377.7,0.27865612648221344
2025-01-26,Greed,40823.466668,90.51766445232816,1201173.66,0.43458980044345896
2025-01-27,Greed,41331.765392,53.469295461837,1508028.31,0.4760672703751617
2025-01-28,Greed,17979.613973,36.103642516064255,579412.17,0.6285140562248996
2025-01-29,Greed,23421.01147,25.737375241758244,1897513.41,0.4164835164835165
2025-01-30,Greed,23097.471385,21.64711470009372,3014397.17,0.3467666354264292
2025-01-31,Extreme Greed,35868.296773,35.303441705708664,2783411.48,0.5413385826771654
2025-02-01,Greed,8716.519087,24.145482235457067,774674.84,0.45706371191135736
2025-02-02,Greed,162854.759623,123.46835452843062,5661092.29,0.35860500379075055
2025-02-03,Fear,66914.320708,125.77879832330827,6460848.74,0.5018796992481203
2025-02-04,Greed,202212.740938,187.930056633829,3867930.6,0.8949814126394052
2025-02-13,Neutral,27829.534238,20.313528640875912,3199852.21,0.4678832116788321
2025-02-14,Neutral,213860.675308,129.22095184773414,4007103.42,0.42900302114803623
2025-02-15,Neutral,45042.92701,48.32932082618026,1712852.95,0.4302575107296137
2025-02-16,Neutral,2369.478425,3.4794103157121876,806177.64,0.44052863436123346
2025-02-17,Neutral,1818.573295,1.9325964877789585,2031044.64,0.22422954303931988
2025-02-18,Neutral,91204.672403,54.418062292959426,3371128.68,0.5119331742243437
2025-02-19,Fear,14985.794701,11.010870463629685,3263930.24,0.4276267450404115
2025-02-20,Neutral,46008.794102,22.867193887673956,4628609.29,0.47912524850894633
2025-02-21,Greed,119693.49395,63.904695114789114,3972159.88,0.5221569674319274
2025-02-22,Neutral,25278.704178,36.849423,3175570.2,0.4970845481049563
2025-02-23,Neutral,10656.934251,20.494104328846156,1141310.74,0.45
2025-02-24,Neutral,38470.176242,6.850102607193732,11223619.59,0.39672364672364674
2025-02-25,Fear,204762.177034,32.782929400256165,19414984.36,0.260646813960935
2025-02-26,Extreme Fear,63229.063129,53.76621014370748,4946958.13,0.6709183673469388
2025-02-27,Extreme Fear,-36525.167517,-41.039514064044944,1999898.43,0.27752808988764044
2025-02-28,Extreme Fear,225628.108748,221.4211077016683,4123660.77,0.3886162904808636
2025-03-01,Extreme Fear,6028.486793,11.867099986220472,771208.99,0.27165354330708663
2025-03-02,Fear,348871.326269,146.58459086932774,22592901.37,0.4634453781512605
2025-03-03,Fear,616413.032233,415.9332201302294,8244590.38,0.6153846153846154
2025-03-04,Extreme Fear,-2365.961276,-1.353524757437071,8670233.15,0.2974828375286041
2025-03-13,Neutral,14114.870873,14.672422944906446,3285591.22,0.4573804573804574
2025-03-14,Fear,68646.160089,31.061610899999998,8047187.16,0.8538461538461538
2025-03-15,Neutral,78694.624572,301.51197154022987,2355749.54,0.5938697318007663
2025-03-16,Fear,-7910.943544999999,-14.926308575471696,10187921.51,0.2320754716981132
2025-03-17,Fear,26163.906513,28.439028818478263,3592895.05,0.4532608695652174
2025-03-18,Fear,72322.788824,86.71797221103118,4050655.47,0.22541966426858512
2025-03-19,Fear,29374.682341,18.222507655707197,4598813.57,0.4162531017369727
2025-03-20,Neutral,10246.859436,13.290349463035021,1652257.93,0.4085603112840467
2025-03-21,Fear,6951.270374,9.958840077363897,2543903.39,0.5
2025-03-22,Fear,12498.535254,23.361748138317758,971809.42,0.4747663551401869
2025-03-23,Fear,14047.421585,31.425999071588368,2593519.67,0.32662192393736017
2025-03-24,Neutral,107878.961301,105.04280555111977,3017587.05,0.6153846153846154
2025-03-25,Neutral,32030.90678,40.49419314791403,5372519.77,0.3615676359039191
2025-03-26,Neutral,15802.167427,5.094186791424887,7597754.37,0.27111540941328177
2025-03-27,Fear,58825.359221,74.9367633388535,3240279.46,0.33375796178343947
2025-03-28,Fear,21337.179335,29.30931227335165,1483092.61,0.3173076923076923
2025-03-29,Fear,12098.872931,6.38800049155227,3668151.83,0.3558606124604013
2025-03-30,Fear,15795.11514,27.8083013028169,2850874.96,0.16549295774647887
2025-03-31,Fear,6978.184557,14.097342539393939,2164772.4699999997,0.5232323232323233
2025-04-01,Fear,2553.537968,6.882851665768194,1826029.6199999999,0.20215633423180593
2025-04-02,Fear,416876.88812,165.9541752070064,15678409.27,0.276671974522293
2025-04-03,Fear,182075.566585,75.80165136761032,11124247.15,0.25353871773522063
2025-04-04,Fear,-25515.678949999998,-20.05949602987421,3835545.73,0.38757861635220126
2025-04-13,Neutral,48696.021521,36.86299888039364,14171154.79,0.3618470855412566
2025-04-14,Fear,45680.443063,51.32634052022472,13079972.98,0.42247191011235957
2025-04-15,Fear,72357.706282,63.976751796640144,20752168.24,0.5720601237842617
2025-04-16,Fear,58631.730257,36.46251881654229,36502715.9,0.3401741293532338
2025-04-17,Fear,5427.919886,5.264713759456837,2604551.51,0.30358874878758485
2025-04-18,Fear,4880.4047439999995,2.576771248152059,24610650.46,0.5126715945089757
2025-04-19,Fear,71950.577495,25.82576363783202,32706462.71,0.2921751615218952
2025-04-20,Fear,25060.341936,12.643966668012109,12126094.05,0.3985872855701312
2025-04-21,Fear,34369.267906999994,20.005394590803256,42104054.84,0.3940628637951106
2025-04-22,Neutral,58652.763578,19.563963835223483,33753625.24,0.2961974649766511
2025-04-23,Greed,-419020.225731,-68.03380836678032,30682443.79,0.324728040266277
2025-04-24,Greed,50704.395965,22.717023281810036,35088918.64,0.4135304659498208
2025-04-25,Greed,20218.859206,12.231614764670297,27749455.78,0.38596491228070173
2025-04-26,Greed,-4125.753942,-3.6478814694960215,11948127.77,0.1724137931034483
2025-04-27,Greed,2702.067468,8.018004356083086,487537.69,0.3560830860534125
2025-04-28,Neutral,36906.813759,26.763461754169686,26124921.49,0.4169688179840464
2025-04-29,Greed,125749.613427,56.06313572313866,34089511.66,0.43201069995541685
2025-04-30,Greed,14003.797269,12.582028094339623,12693878.85,0.26504941599281223
2025-05-01,Neutral,3187.719363,13.337737920502093,451943.57,0.41841004184100417
2025-05-02,Greed,56706.235562,43.721075992289904,8743231.51,0.3215111796453354
